City_ID,City,Lat,Lng,Max Temp,Humidity,Cloudiness,Wind Speed,Country,Date
0,Yellowknife,62.456,-114.3525,66.72,45,75,3.44,CA,2022-07-22 02:22:32
1,Avarua,-21.2078,-159.775,77.05,69,40,18.41,CK,2022-07-22 02:24:40
2,Vostok,46.4856,135.8833,62.94,95,100,2.55,RU,2022-07-22 02:24:41
3,Saskylakh,71.9167,114.0833,54.36,60,100,7.72,RU,2022-07-22 02:22:29
4,Butaritari,3.0707,172.7902,81.14,77,29,6.87,KI,2022-07-22 02:24:41
5,Ancud,-41.8697,-73.8203,40.23,94,100,7.09,CL,2022-07-22 02:21:46
6,Albany,42.6001,-73.9662,79.21,72,0,3.65,US,2022-07-22 02:21:30
7,Hithadhoo,-0.6,73.0833,78.17,85,100,13.13,MV,2022-07-22 02:24:42
8,Smithers,54.7804,-127.1743,73.72,38,20,8.05,CA,2022-07-22 02:21:17
9,Turukhansk,65.8167,87.9833,66.69,62,72,12.21,RU,2022-07-22 02:21:51
10,Ponta Do Sol,32.6667,-17.1,70.72,82,7,7.18,PT,2022-07-22 02:24:20
11,Itaituba,-4.2761,-55.9836,78.98,65,100,2.37,BR,2022-07-22 02:24:43
12,Rikitea,-23.1203,-134.9692,74.43,82,99,24.9,PF,2022-07-22 02:23:21
13,College,64.8569,-147.8028,68.32,59,75,9.22,US,2022-07-22 02:24:44
14,Krasnyy Yar,46.5331,48.3456,66.13,75,70,4.54,RU,2022-07-22 02:24:44
15,Longyearbyen,78.2186,15.6401,49.84,87,75,2.3,SJ,2022-07-22 02:24:44
16,Norman Wells,65.282,-126.8329,69.84,64,75,8.05,CA,2022-07-22 02:23:54
17,Novaya Igirma,57.1334,103.9112,72.99,47,88,5.35,RU,2022-07-22 02:24:45
18,Meadow Lake,34.8014,-106.5436,90.84,29,36,14.36,US,2022-07-22 02:24:44
19,Ushuaia,-54.8,-68.3,29.86,93,100,31.07,AR,2022-07-22 02:24:46
20,Mataura,-46.1927,168.8643,43.48,88,100,2.35,NZ,2022-07-22 02:21:27
21,Atuona,-9.8,-139.0333,77.36,71,3,15.05,PF,2022-07-22 02:24:46
22,Sakakah,29.9697,40.2064,87.37,20,1,5.5,SA,2022-07-22 02:24:47
23,Chapais,49.7834,-74.8492,64.18,96,100,11.92,CA,2022-07-22 02:24:47
24,Yerraguntla,14.6372,78.5395,79.25,80,100,12.59,IN,2022-07-22 02:24:47
25,Klaksvik,62.2266,-6.589,47.32,86,99,6.08,FO,2022-07-22 02:23:53
26,Bandarbeyla,9.4942,50.8122,76.62,73,6,26.44,SO,2022-07-22 02:22:06
27,Busselton,-33.65,115.3333,61.2,79,98,10.65,AU,2022-07-22 02:23:30
28,Nakamura,32.9833,132.9333,85.73,54,2,8.61,JP,2022-07-22 02:24:49
29,Loralai,30.3705,68.598,75.2,66,100,2.93,PK,2022-07-22 02:24:49
30,Hermanus,-34.4187,19.2345,52.75,70,100,4.29,ZA,2022-07-22 02:24:49
31,Puerto Ayora,-0.7393,-90.3518,67.55,97,69,5.01,EC,2022-07-22 02:24:50
32,Heinola,61.2056,26.0381,57.99,82,99,4.56,FI,2022-07-22 02:24:50
33,Olinda,-8.0089,-34.8553,73.13,88,40,4.61,BR,2022-07-22 02:22:13
34,Port Elizabeth,-33.918,25.5701,48.49,93,0,4.61,ZA,2022-07-22 02:21:06
35,Indian Head,38.6001,-77.1622,83.35,71,0,5.75,US,2022-07-22 02:24:51
36,Port Macquarie,-31.4333,152.9167,60.89,81,96,15.43,AU,2022-07-22 02:24:51
37,Margate,51.3813,1.3862,63.3,80,16,3.0,GB,2022-07-22 02:24:52
38,Vaini,-21.2,-175.2,77.16,88,40,9.22,TO,2022-07-22 02:24:52
39,East London,-33.0153,27.9116,57.18,78,0,8.32,ZA,2022-07-22 02:24:53
40,Alofi,-19.0595,-169.9187,80.49,65,75,8.05,NU,2022-07-22 02:24:53
41,Codrington,-38.2667,141.9667,57.56,69,100,14.0,AU,2022-07-22 02:22:39
42,Khatanga,71.9667,102.5,59.16,60,100,10.56,RU,2022-07-22 02:24:54
43,Mount Gambier,-37.8333,140.7667,55.11,70,100,12.15,AU,2022-07-22 02:25:54
44,Thinadhoo,0.5333,72.9333,80.73,77,100,18.34,MV,2022-07-22 02:25:55
45,Nikolayevsk-Na-Amure,53.1406,140.73,62.17,77,100,8.59,RU,2022-07-22 02:25:55
46,Kavieng,-2.5744,150.7967,82.4,76,100,11.1,PG,2022-07-22 02:21:48
47,Bredasdorp,-34.5322,20.0403,46.96,83,100,4.54,ZA,2022-07-22 02:25:55
48,Safford,32.834,-109.7076,101.32,20,0,9.22,US,2022-07-22 02:25:56
49,Kapaa,22.0752,-159.319,85.98,71,40,17.27,US,2022-07-22 02:23:23
50,Laguna,38.421,-121.4238,100.45,28,0,10.36,US,2022-07-22 02:25:56
51,Kommunisticheskiy,61.6789,64.4819,53.96,94,100,3.09,RU,2022-07-22 02:21:28
52,Dikson,73.5069,80.5464,47.95,87,51,13.56,RU,2022-07-22 02:23:39
53,Saint George,37.1041,-113.5841,106.63,12,0,13.8,US,2022-07-22 02:25:57
54,Kulhudhuffushi,6.6221,73.07,81.45,78,95,18.72,MV,2022-07-22 02:25:58
55,Hamilton,39.1834,-84.5333,79.65,72,0,5.75,US,2022-07-22 02:21:58
56,Hanzhong,33.0728,107.0303,64.78,96,100,2.95,CN,2022-07-22 02:25:58
57,Ust-Kulom,61.6864,53.6902,61.86,74,64,2.95,RU,2022-07-22 02:25:59
58,Bluff,-46.6,168.3333,43.81,71,99,7.72,NZ,2022-07-22 02:25:59
59,Aksu,41.1231,80.2644,82.96,22,0,4.76,CN,2022-07-22 02:25:59
60,Port Alfred,-33.5906,26.891,56.59,81,3,9.4,ZA,2022-07-22 02:26:00
61,Jamestown,42.097,-79.2353,76.59,79,0,9.22,US,2022-07-22 02:22:43
62,Ahipara,-35.1667,173.1667,59.34,62,100,7.52,NZ,2022-07-22 02:23:29
63,Comrat,46.3003,28.6572,62.58,53,0,5.95,MD,2022-07-22 02:26:01
64,Arraial Do Cabo,-22.9661,-42.0278,70.83,84,3,15.01,BR,2022-07-22 02:26:01
65,Galle,6.0367,80.217,78.67,87,100,11.95,LK,2022-07-22 02:26:01
66,Paamiut,61.994,-49.6678,48.42,78,3,4.99,GL,2022-07-22 02:26:02
67,Haines Junction,60.7522,-137.5108,62.55,42,97,11.5,CA,2022-07-22 02:24:38
68,Belyy Yar,53.6039,91.3903,66.09,72,0,6.71,RU,2022-07-22 02:26:02
69,Punta Arenas,-53.15,-70.9167,32.11,86,20,17.27,CL,2022-07-22 02:26:03
70,Hobart,-42.8794,147.3294,54.27,69,20,10.36,AU,2022-07-22 02:26:03
71,Shache,38.4167,77.2406,83.23,14,0,6.04,CN,2022-07-22 02:26:04
72,Lasa,46.6166,10.7002,68.88,87,24,2.64,IT,2022-07-22 02:26:04
73,Santa Cruz Del Sur,20.7147,-77.9956,77.54,85,37,10.83,CU,2022-07-22 02:26:04
74,Chuy,-33.6971,-53.4616,50.81,90,98,5.91,UY,2022-07-22 02:26:05
75,Dowa,-13.654,33.9375,52.86,73,1,4.16,MW,2022-07-22 02:26:05
76,Coquimbo,-29.9533,-71.3436,55.13,87,100,2.3,CL,2022-07-22 02:24:38
77,Bac Lieu,9.285,105.7244,81.3,75,12,3.38,VN,2022-07-22 02:26:06
78,Severo-Kurilsk,50.6789,156.125,53.19,95,100,22.15,RU,2022-07-22 02:26:06
79,Richards Bay,-28.783,32.0377,65.08,87,86,6.69,ZA,2022-07-22 02:24:06
80,Airai,-8.9266,125.4092,68.72,40,42,4.41,TL,2022-07-22 02:22:03
81,Nizwa,22.9333,57.5333,83.05,76,94,3.29,OM,2022-07-22 02:26:07
82,Waddan,29.1614,16.139,72.82,64,0,4.27,LY,2022-07-22 02:26:07
83,Broome,42.2506,-75.833,74.68,78,6,1.01,US,2022-07-22 02:26:08
84,New Norfolk,-42.7826,147.0587,53.92,75,2,1.01,AU,2022-07-22 02:21:41
85,Victoria,22.2855,114.1577,91.26,74,0,5.01,HK,2022-07-22 02:24:40
86,Boddam,57.4667,-1.7833,53.98,85,100,6.38,GB,2022-07-22 02:26:08
87,Tevaitoa,-16.7833,-151.5,76.86,75,18,11.27,PF,2022-07-22 02:26:09
88,Esperance,-33.8667,121.9,57.67,76,38,19.53,AU,2022-07-22 02:26:09
89,Carson City,39.1638,-119.7674,90.43,14,0,12.66,US,2022-07-22 02:26:09
90,Chaplynka,46.3651,33.5403,67.19,53,19,8.25,UA,2022-07-22 02:27:10
91,Namibe,-15.1961,12.1522,61.61,89,0,5.03,AO,2022-07-22 02:24:03
92,Bowmore,34.9421,-79.3031,82.31,83,0,6.91,US,2022-07-22 02:24:06
93,Mountain Home,43.133,-115.6912,96.28,8,0,16.11,US,2022-07-22 02:25:21
94,Cayenne,4.9333,-52.3333,79.09,1,56,2.3,GF,2022-07-22 02:27:11
95,Segezha,63.7415,34.3222,63.27,72,100,4.92,RU,2022-07-22 02:27:12
96,Vanimo,-2.6741,141.3028,85.06,66,93,2.51,PG,2022-07-22 02:27:12
97,Manokwari,-0.8667,134.0833,80.64,78,100,7.78,ID,2022-07-22 02:27:13
98,Wattegama,6.7989,81.4808,76.75,84,95,4.27,LK,2022-07-22 02:27:13
99,Boshnyakovo,49.6333,142.1667,56.57,99,100,3.42,RU,2022-07-22 02:27:13
100,Tawang,27.5833,91.8667,61.72,82,100,3.31,IN,2022-07-22 02:27:14
101,Constitucion,-35.3333,-72.4167,51.71,86,8,7.72,CL,2022-07-22 02:24:18
102,Ola,59.5833,151.2833,73.15,67,97,5.23,RU,2022-07-22 02:27:14
103,Carnarvon,-24.8667,113.6333,64.2,60,0,19.06,AU,2022-07-22 02:27:15
104,Nikki,9.9401,3.2108,70.93,94,84,4.36,BJ,2022-07-22 02:27:15
105,Paciran,-6.8767,112.3761,81.36,69,96,6.08,ID,2022-07-22 02:27:16
106,Los Llanos De Aridane,28.6585,-17.9182,67.75,83,40,18.41,ES,2022-07-22 02:27:16
107,Kloulklubed,7.0419,134.2556,82.9,73,74,4.23,PW,2022-07-22 02:25:53
108,Jalu,29.0331,21.5482,74.91,37,0,9.08,LY,2022-07-22 02:27:17
109,Ulaangom,49.9811,92.0667,70.38,37,100,4.85,MN,2022-07-22 02:27:17
110,Brae,60.3964,-1.353,49.82,87,91,8.57,GB,2022-07-22 02:27:17
111,Poum,-20.2333,164.0167,77.9,80,100,18.54,NC,2022-07-22 02:27:18
112,Doha,25.2867,51.5333,93.18,73,0,8.05,QA,2022-07-22 02:25:15
113,Brignoles,43.4,6.0667,75.96,59,0,2.26,FR,2022-07-22 02:25:19
114,Thompson,55.7435,-97.8558,62.76,82,75,5.75,CA,2022-07-22 02:27:19
115,La Libertad,-2.2333,-80.9,67.62,85,96,7.29,EC,2022-07-22 02:27:19
116,Inuvik,68.3499,-133.7218,68.86,56,75,5.75,CA,2022-07-22 02:27:20
117,Lappeenranta,61.0587,28.1887,59.05,82,0,3.44,FI,2022-07-22 02:27:20
118,Bubaque,11.2833,-15.8333,78.64,85,100,18.59,GW,2022-07-22 02:27:20
119,Novouzensk,50.4592,48.1431,63.18,81,0,3.94,RU,2022-07-22 02:27:21
120,Saldanha,-33.0117,17.9442,44.65,80,100,8.03,ZA,2022-07-22 02:23:54
121,Alyangula,-13.8483,136.4192,74.89,47,11,13.0,AU,2022-07-22 02:27:21
122,Lagoa,39.05,-27.9833,70.93,91,100,5.66,PT,2022-07-22 02:27:22
123,Hovd,48.0056,91.6419,69.12,33,20,3.31,MN,2022-07-22 02:24:04
124,Luanda,-8.8368,13.2343,67.26,82,95,6.76,AO,2022-07-22 02:27:22
125,Modasa,23.4667,73.3,79.88,81,96,9.08,IN,2022-07-22 02:27:23
126,Eydhafushi,5.1033,73.0708,82.29,75,100,19.15,MV,2022-07-22 02:27:23
127,Gus-Zheleznyy,55.0581,41.1656,57.61,96,98,9.93,RU,2022-07-22 02:27:24
128,Betafo,-19.8333,46.85,43.93,89,0,5.59,MG,2022-07-22 02:27:24
129,Morant Bay,17.8815,-76.4093,85.62,83,6,9.33,JM,2022-07-22 02:27:24
130,Sabattus,44.1198,-70.1076,73.9,96,0,0.0,US,2022-07-22 02:27:25
131,Tuktoyaktuk,69.4541,-133.0374,60.8,82,75,9.22,CA,2022-07-22 02:23:46
132,Filadelfia,39.9523,-75.1638,87.12,74,42,7.0,US,2022-07-22 02:23:41
133,Tasiilaq,65.6145,-37.6368,32.16,82,84,0.67,GL,2022-07-22 02:28:26
134,Bambous Virieux,-20.3428,57.7575,70.05,73,40,11.5,MU,2022-07-22 02:23:33
135,Severnoye,56.3491,78.3619,59.63,94,98,9.51,RU,2022-07-22 02:28:26
136,Dali,25.7,100.1833,69.42,78,100,2.95,CN,2022-07-22 02:28:27
137,Honningsvag,70.9821,25.9704,53.35,87,100,17.27,NO,2022-07-22 02:28:27
138,Mar Del Plata,-38.0023,-57.5575,49.08,68,0,8.01,AR,2022-07-22 02:28:27
139,Mogadishu,2.0371,45.3438,75.4,86,40,18.92,SO,2022-07-22 02:28:28
140,Birjand,32.8663,59.2211,70.27,17,0,6.91,IR,2022-07-22 02:28:28
141,Mount Isa,-20.7333,139.5,65.97,19,0,6.91,AU,2022-07-22 02:23:58
142,Yuancheng,36.652,107.7896,64.94,64,100,7.43,CN,2022-07-22 02:28:29
143,Valdemarpils,57.3707,22.5919,62.49,84,16,5.17,LV,2022-07-22 02:28:29
144,Buraydah,26.326,43.975,84.65,14,52,4.32,SA,2022-07-22 02:25:34
145,Geraldton,-28.7667,114.6,59.41,82,100,11.5,AU,2022-07-22 02:28:30
146,Mehamn,71.0357,27.8492,55.31,94,100,24.16,NO,2022-07-22 02:28:30
147,Ushtobe,45.2514,77.9838,88.95,18,2,1.1,KZ,2022-07-22 02:28:30
148,Sao Joao Da Barra,-21.6403,-41.0511,69.66,87,0,6.93,BR,2022-07-22 02:28:31
149,Souillac,-20.5167,57.5167,70.18,73,40,11.5,MU,2022-07-22 02:25:24
150,Luderitz,-26.6481,15.1594,61.0,55,0,8.03,NA,2022-07-22 02:28:31
151,Vicksburg,32.3526,-90.8779,88.03,79,40,0.0,US,2022-07-22 02:28:32
152,Miguelopolis,-20.1794,-48.0319,71.42,46,6,5.82,BR,2022-07-22 02:28:32
153,Cherskiy,68.75,161.3,47.52,38,99,12.48,RU,2022-07-22 02:28:33
154,Saint-Philippe,-21.3585,55.7679,65.21,71,27,11.07,RE,2022-07-22 02:28:33
155,Kemijarvi,66.7131,27.4306,60.26,98,100,0.89,FI,2022-07-22 02:28:34
156,Nenjiang,49.1833,125.2167,79.9,57,34,7.34,CN,2022-07-22 02:28:34
157,Chornobay,49.6708,32.3239,57.83,94,3,10.33,UA,2022-07-22 02:28:34
158,Kahului,20.8947,-156.47,87.82,62,40,24.16,US,2022-07-22 02:28:35
159,Sambava,-14.2667,50.1667,68.7,85,96,11.34,MG,2022-07-22 02:28:35
160,Moose Factory,51.2585,-80.6094,59.0,94,100,6.91,CA,2022-07-22 02:28:35
161,Rio Grande,-32.035,-52.0986,58.95,99,100,5.12,BR,2022-07-22 02:28:36
162,Hofn,64.2539,-15.2082,52.41,79,15,3.76,IS,2022-07-22 02:28:36
163,Namatanai,-3.6667,152.4333,84.47,69,96,5.68,PG,2022-07-22 02:28:37
164,Ust-Ordynskiy,52.805,104.7508,57.15,85,100,1.72,RU,2022-07-22 02:28:37
165,Hilo,19.7297,-155.09,84.27,83,100,8.05,US,2022-07-22 02:28:37
166,Dalvik,65.9702,-18.5286,48.13,86,99,2.48,IS,2022-07-22 02:25:02
167,Lapithos,35.3375,33.1792,73.69,65,0,8.99,CY,2022-07-22 02:28:38
168,Isangel,-19.55,169.2667,81.09,65,17,13.53,VU,2022-07-22 02:28:39
169,Lebu,-37.6167,-73.65,51.96,91,100,14.09,CL,2022-07-22 02:28:39
170,Nikolskoye,59.7035,30.7861,62.8,94,3,3.96,RU,2022-07-22 02:28:39
171,Vila Velha,-20.3297,-40.2925,69.75,94,40,0.0,BR,2022-07-22 02:24:43
172,Upernavik,72.7868,-56.1549,44.11,97,100,22.21,GL,2022-07-22 02:28:40
173,Phan Thiet,10.9333,108.1,83.12,67,100,2.75,VN,2022-07-22 02:28:40
174,Singaparna,-7.3515,108.111,71.85,95,100,2.86,ID,2022-07-22 02:28:41
175,Half Moon Bay,37.4636,-122.4286,78.91,75,100,13.8,US,2022-07-22 02:28:41
176,Marquette,46.5333,-87.6335,69.24,65,2,5.91,US,2022-07-22 02:26:43
177,Barrow,71.2906,-156.7887,44.62,76,40,24.16,US,2022-07-22 02:28:41
178,Teguldet,57.3064,88.1667,58.12,96,100,5.55,RU,2022-07-22 02:29:42
179,Jabinyanah,35.035,10.9081,78.6,64,0,2.84,TN,2022-07-22 02:29:42
180,Teguise,29.0605,-13.564,68.22,88,0,26.46,ES,2022-07-22 02:29:43
181,Burgeo,47.6167,-57.6152,61.34,75,0,4.56,CA,2022-07-22 02:29:43
182,Ukiah,39.1502,-123.2078,92.44,24,0,9.22,US,2022-07-22 02:27:51
183,Pangai,-19.8,-174.35,78.91,78,20,11.5,TO,2022-07-22 02:29:44
184,Bamnet Narong,15.4992,101.6897,75.81,90,100,2.28,TH,2022-07-22 02:29:44
185,Quatre Cocos,-20.2078,57.7625,69.91,70,82,17.54,MU,2022-07-22 02:29:44
186,Alugan,12.2188,125.4808,84.4,77,58,7.85,PH,2022-07-22 02:29:45
187,Kidal,18.4411,1.4078,87.08,43,74,10.09,ML,2022-07-22 02:26:09
188,Zambezi,-13.5432,23.1047,60.17,49,82,6.17,ZM,2022-07-22 02:29:46
189,Norfolk,42.1668,-71.2495,80.06,91,0,5.75,US,2022-07-22 02:26:24
190,Karratha,-20.7377,116.8463,75.56,60,0,3.6,AU,2022-07-22 02:29:46
191,Iskateley,67.6803,53.1512,47.21,74,82,9.1,RU,2022-07-22 02:29:47
192,Katsuura,35.1333,140.3,82.42,86,54,17.09,JP,2022-07-22 02:29:47
193,Cape Town,-33.9258,18.4232,56.37,84,0,3.44,ZA,2022-07-22 02:26:34
194,Port Hardy,50.6996,-127.4199,60.98,72,20,12.66,CA,2022-07-22 02:29:48
195,El Tigre,8.8875,-64.2454,75.0,89,76,11.5,VE,2022-07-22 02:29:48
196,Lavrentiya,65.5833,-171.0,40.62,79,100,17.18,RU,2022-07-22 02:29:48
197,Jumla,29.2747,82.1838,66.22,88,100,0.94,NP,2022-07-22 02:29:49
198,Cabo San Lucas,22.8909,-109.9124,94.3,48,0,4.61,MX,2022-07-22 02:26:07
199,Gold Coast,-28.0,153.4333,64.9,89,100,19.57,AU,2022-07-22 02:25:32
200,Hagere Hiywet,8.9833,37.85,55.69,91,72,2.98,ET,2022-07-22 02:29:50
201,Naze,28.3667,129.4833,88.72,76,29,13.58,JP,2022-07-22 02:29:50
202,Kocevje,45.6433,14.8633,72.05,53,53,1.97,SI,2022-07-22 02:29:50
203,Alice Springs,-23.7,133.8833,67.55,22,0,4.61,AU,2022-07-22 02:29:51
204,Pevek,69.7008,170.3133,31.53,99,100,12.03,RU,2022-07-22 02:29:51
205,Chokurdakh,70.6333,147.9167,59.85,27,77,6.17,RU,2022-07-22 02:29:52
206,Abha,18.2164,42.5053,64.22,88,0,4.61,SA,2022-07-22 02:29:52
207,Krasnoselkup,65.7,82.4667,48.42,94,100,2.59,RU,2022-07-22 02:29:53
208,Tutoia,-2.7619,-42.2744,77.63,81,15,5.97,BR,2022-07-22 02:29:53
209,Dhidhdhoo,6.8833,73.1,81.54,78,100,18.45,MV,2022-07-22 02:29:53
210,Zyryanka,65.75,150.85,64.29,41,6,0.63,RU,2022-07-22 02:29:54
211,Mahebourg,-20.4081,57.7,70.09,73,40,11.5,MU,2022-07-22 02:29:54
212,Portland,45.5234,-122.6762,84.61,56,20,10.36,US,2022-07-22 02:27:03
213,Aswan,24.0934,32.907,83.5,23,0,10.36,EG,2022-07-22 02:29:55
214,Flin Flon,54.7682,-101.865,55.94,78,100,11.1,CA,2022-07-22 02:29:55
215,Bahia Honda,22.9036,-83.1592,80.02,83,19,7.2,CU,2022-07-22 02:29:55
216,Lorengau,-2.0226,147.2712,84.94,70,56,10.71,PG,2022-07-22 02:29:56
217,Raahe,64.6833,24.4833,64.49,96,100,8.25,FI,2022-07-22 02:29:56
218,Egvekinot,66.3167,-179.1667,47.64,49,94,9.55,RU,2022-07-22 02:29:57
219,Ransang,8.9603,117.5828,85.12,71,91,2.15,PH,2022-07-22 02:29:57
220,Qaanaaq,77.484,-69.3632,43.68,96,100,8.5,GL,2022-07-22 02:29:58
221,Georgetown,5.4112,100.3354,87.73,79,20,3.44,MY,2022-07-22 02:28:38
222,Sitka,57.0531,-135.33,57.09,77,100,0.0,US,2022-07-22 02:30:58
223,Provideniya,64.3833,-173.3,46.51,76,75,27.0,RU,2022-07-22 02:30:59
224,Yulara,-25.2406,130.9889,71.13,21,0,8.48,AU,2022-07-22 02:30:59
225,Karasjok,69.4719,25.5112,54.68,88,94,5.3,NO,2022-07-22 02:30:59
226,Waw,7.7029,27.9953,69.1,96,100,1.83,SS,2022-07-22 02:31:00
227,Kodiak,57.79,-152.4072,54.91,82,100,5.75,US,2022-07-22 02:31:00
228,Sao Gabriel Da Cachoeira,-0.1303,-67.0892,71.26,99,84,1.81,BR,2022-07-22 02:31:01
229,Bilma,18.6853,12.9164,88.38,34,77,7.11,NE,2022-07-22 02:31:01
230,Ewa Beach,21.3156,-158.0072,87.75,54,40,19.57,US,2022-07-22 02:31:02
231,Berlevag,70.8578,29.0864,55.35,88,100,17.27,NO,2022-07-22 02:31:02
232,Jaca,42.569,-0.5499,69.98,66,0,4.74,ES,2022-07-22 02:31:02
233,Tobol,52.6844,62.5794,65.44,62,46,5.95,KZ,2022-07-22 02:31:03
234,Bonavista,48.6499,-53.1147,55.45,94,93,1.77,CA,2022-07-22 02:31:03
235,Tambacounda,13.7539,-13.7586,75.06,95,100,9.55,SN,2022-07-22 02:31:03
236,Touros,-5.1989,-35.4608,72.93,90,100,8.46,BR,2022-07-22 02:30:36
237,Chochola,20.75,-89.8333,82.42,75,21,8.41,MX,2022-07-22 02:31:04
238,Hualmay,-11.0964,-77.6139,61.18,83,7,12.06,PE,2022-07-22 02:31:04
239,Havoysund,70.9963,24.6622,53.83,94,98,14.27,NO,2022-07-22 02:31:05
240,Bengkulu,-3.8004,102.2655,82.72,71,86,3.67,ID,2022-07-22 02:31:05
241,Sioux Lookout,50.1001,-91.917,64.47,77,75,19.57,CA,2022-07-22 02:30:32
242,Wurzen,51.3667,12.7333,66.24,90,9,7.52,DE,2022-07-22 02:31:06
243,Eyl,7.9803,49.8164,76.55,69,63,18.39,SO,2022-07-22 02:31:06
244,Deputatskiy,69.3,139.9,58.17,50,5,16.06,RU,2022-07-22 02:31:07
245,Koryazhma,61.3143,47.1691,64.47,73,6,5.39,RU,2022-07-22 02:31:07
246,Vila Franca Do Campo,37.7167,-25.4333,70.2,83,38,2.55,PT,2022-07-22 02:27:17
247,Bafata,12.1667,-14.75,74.23,97,100,6.31,GW,2022-07-22 02:31:07
248,Bethel,41.3712,-73.414,81.05,85,31,4.18,US,2022-07-22 02:31:08
249,Ribeira Grande,38.5167,-28.7,72.41,88,36,3.2,PT,2022-07-22 02:31:08
250,Votkinsk,57.0486,53.9872,60.78,78,6,3.42,RU,2022-07-22 02:31:09
251,Castro,-24.7911,-50.0119,59.2,85,100,1.95,BR,2022-07-22 02:28:38
252,Nelson Bay,-32.7167,152.15,64.99,78,70,14.0,AU,2022-07-22 02:31:09
253,Tarauaca,-8.1614,-70.7656,72.61,66,10,0.34,BR,2022-07-22 02:31:10
254,Micheweni,-4.9667,39.8333,74.61,74,21,13.71,TZ,2022-07-22 02:31:10
255,Mayo,38.8876,-76.5119,83.08,90,0,5.75,US,2022-07-22 02:31:10
256,Udachnyy,66.4167,112.4,53.46,93,100,8.46,RU,2022-07-22 02:31:11
257,Kawalu,-7.3817,108.2082,73.49,93,100,2.59,ID,2022-07-22 02:31:11
258,Sola,-13.8833,167.55,79.81,80,91,18.12,VU,2022-07-22 02:31:12
259,Polunochnoye,60.8697,60.4153,65.44,60,50,9.04,RU,2022-07-22 02:31:12
260,Talnakh,69.4865,88.3972,61.21,58,29,11.61,RU,2022-07-22 02:31:09
261,Hay River,60.8156,-115.7999,62.58,59,20,9.22,CA,2022-07-22 02:31:13
262,Timmins,48.4669,-81.3331,60.62,100,75,5.75,CA,2022-07-22 02:30:32
263,Ejido,8.5514,-71.2375,65.86,87,99,5.91,VE,2022-07-22 02:31:13
264,Shingu,33.7333,135.9833,83.52,77,64,2.95,JP,2022-07-22 02:26:16
265,Mungwi,-10.1732,31.3694,50.76,84,3,3.71,ZM,2022-07-22 02:31:14
266,Southbridge,42.0751,-72.0334,79.16,92,7,4.41,US,2022-07-22 02:31:14
267,North Bend,43.4065,-124.2243,66.92,85,75,10.36,US,2022-07-22 02:30:32
268,Iqaluit,63.7506,-68.5145,40.73,93,40,2.3,CA,2022-07-22 02:31:15
269,Gladstone,-23.85,151.25,60.73,67,75,11.5,AU,2022-07-22 02:31:15
270,Mancio Lima,-7.6142,-72.8958,71.87,70,19,2.37,BR,2022-07-22 02:32:16
271,Korem,12.5058,39.5228,56.59,79,7,8.23,ET,2022-07-22 02:32:16
272,Caravelas,-17.7125,-39.2481,69.49,91,10,6.13,BR,2022-07-22 02:32:16
273,Montauban,44.0833,1.5,67.64,49,0,2.89,FR,2022-07-22 02:32:17
274,Bardiyah,31.7561,25.0865,72.63,72,0,7.78,LY,2022-07-22 02:32:17
275,Kaohsiung,22.6163,120.3133,89.69,77,40,8.05,TW,2022-07-22 02:32:18
276,Fortuna,40.5982,-124.1573,63.09,78,44,5.01,US,2022-07-22 02:30:00
277,Oktyabrskoye,43.0645,44.7417,62.74,94,100,6.71,RU,2022-07-22 02:32:18
278,Bitkine,11.9801,18.2138,73.81,87,100,6.31,TD,2022-07-22 02:32:19
279,Kuytun,54.3419,101.5036,68.68,52,100,13.24,RU,2022-07-22 02:32:19
280,Hambantota,6.1241,81.1185,82.74,83,20,9.22,LK,2022-07-22 02:27:28
281,Tiznit,29.5833,-9.5,86.5,16,54,7.14,MA,2022-07-22 02:32:20
282,Owensboro,37.7742,-87.1133,80.58,78,0,0.0,US,2022-07-22 02:30:32
283,Buala,-8.145,159.5921,85.21,68,92,2.39,SB,2022-07-22 02:32:20
284,Padang,-0.9492,100.3543,82.45,67,88,1.99,ID,2022-07-22 02:32:21
285,Kieta,-6.2167,155.6333,84.74,61,28,4.9,PG,2022-07-22 02:32:21
286,Mayumba,-3.432,10.6554,70.43,90,94,7.96,GA,2022-07-22 02:32:21
287,Babylon,40.6957,-73.3257,91.42,59,0,4.61,US,2022-07-22 02:32:22
288,Guangzhou,23.1167,113.25,93.15,43,1,3.06,CN,2022-07-22 02:32:05
289,Rodney,42.5668,-81.6831,73.26,63,0,9.55,CA,2022-07-22 02:32:22
290,Mana,5.6592,-53.7767,77.05,88,71,7.47,GF,2022-07-22 02:32:23
291,Rawson,-43.3002,-65.1023,41.68,50,100,10.09,AR,2022-07-22 02:32:23
292,Omsukchan,62.5333,155.8,61.21,40,2,10.33,RU,2022-07-22 02:32:23
293,Aklavik,68.2191,-135.0107,70.5,45,84,11.07,CA,2022-07-22 02:32:24
294,Copiapo,-27.3667,-70.3333,51.49,85,0,2.33,CL,2022-07-22 02:32:24
295,Makakilo City,21.3469,-158.0858,86.32,54,40,19.57,US,2022-07-22 02:32:25
296,Fort Nelson,58.8053,-122.7002,63.99,52,75,6.91,CA,2022-07-22 02:30:32
297,Atambua,-9.1061,124.8925,82.22,42,35,2.91,ID,2022-07-22 02:32:25
298,Wuxue,29.8506,115.5525,94.53,57,92,3.76,CN,2022-07-22 02:32:26
299,Karpogory,64.0019,44.4451,58.78,68,49,4.65,RU,2022-07-22 02:32:26
300,Ilulissat,69.2167,-51.1,50.02,87,75,3.44,GL,2022-07-22 02:32:26
301,Ayagoz,47.9714,80.4392,77.85,36,66,3.6,KZ,2022-07-22 02:32:27
302,Havre-Saint-Pierre,50.2334,-63.5986,64.76,68,100,9.22,CA,2022-07-22 02:32:27
303,Bad Salzungen,50.8167,10.2333,65.71,91,63,3.98,DE,2022-07-22 02:32:28
304,Surt,31.2089,16.5887,76.95,64,0,5.59,LY,2022-07-22 02:32:28
305,Priyutnoye,46.1011,43.5072,64.98,59,0,8.86,RU,2022-07-22 02:32:28
306,Chatellerault,46.8,0.5333,65.12,1,41,3.51,FR,2022-07-22 02:32:29
307,Leninskoye,41.7589,69.3864,94.95,10,0,1.07,KZ,2022-07-22 02:32:29
308,Damietta,31.4165,31.8133,76.89,82,0,7.34,EG,2022-07-22 02:32:30
309,Kokopo,-4.352,152.2633,84.15,65,95,4.23,PG,2022-07-22 02:32:30
310,Houma,29.5958,-90.7195,81.0,89,0,0.0,US,2022-07-22 02:29:03
311,Henties Bay,-22.116,14.2845,62.47,54,0,3.69,NA,2022-07-22 02:32:31
312,Tazovskiy,67.4667,78.7,47.12,72,100,9.24,RU,2022-07-22 02:32:31
313,Noumea,-22.2763,166.4572,84.18,99,100,4.43,NC,2022-07-22 02:32:32
314,Do Gonbadan,30.3586,50.7981,82.49,61,15,0.0,IR,2022-07-22 02:32:32
315,Maracanau,-3.8767,-38.6256,73.74,88,75,9.22,BR,2022-07-22 02:28:09
316,Kaitangata,-46.2817,169.8464,44.98,84,100,1.77,NZ,2022-07-22 02:27:38
317,Yerbogachen,61.2767,108.0108,75.54,41,5,1.95,RU,2022-07-22 02:33:33
318,Gobo,33.8833,135.15,88.83,69,30,14.83,JP,2022-07-22 02:33:33
319,Guanaja,16.4,-85.9,82.53,81,17,19.89,HN,2022-07-22 02:33:34
320,Krasnoarmeysk,51.0239,45.6969,60.39,71,83,3.65,RU,2022-07-22 02:33:34
321,Cidreira,-30.1811,-50.2056,63.16,92,100,2.37,BR,2022-07-22 02:33:34
322,Walvis Bay,-22.9575,14.5053,56.35,58,0,2.3,NA,2022-07-22 02:33:35
323,Chapleau,47.8405,-83.4034,60.22,63,28,7.72,CA,2022-07-22 02:33:35
324,East Brainerd,34.9959,-85.1502,77.95,92,75,5.75,US,2022-07-22 02:31:01
325,San Juan De Flores,14.2667,-87.0333,74.88,93,24,2.04,HN,2022-07-22 02:33:36
326,Fairbanks,64.8378,-147.7164,68.34,59,75,9.22,US,2022-07-22 02:30:02
327,Sao Filipe,14.8961,-24.4956,74.1,88,85,5.59,CV,2022-07-22 02:33:36
328,Vershino-Shakhtaminskiy,51.3012,117.8868,78.84,46,10,4.88,RU,2022-07-22 02:33:37
329,Kyzyl-Suu,42.3414,78.0056,72.55,36,0,3.22,KG,2022-07-22 02:33:37
330,Seddon,-37.8068,144.8916,68.31,52,40,17.27,AU,2022-07-22 02:33:37
331,Champerico,14.3,-91.9167,81.66,79,100,3.33,GT,2022-07-22 02:33:38
332,Feijo,-8.1642,-70.3536,73.26,64,9,0.29,BR,2022-07-22 02:33:38
333,Sudzha,51.1976,35.2726,54.64,98,89,10.11,RU,2022-07-22 02:33:39
334,Stanghelle,60.5528,5.7357,51.98,90,20,6.04,NO,2022-07-22 02:33:39
335,Ponta Delgada,37.7333,-25.6667,70.5,88,20,2.3,PT,2022-07-22 02:33:40
336,Kaeo,-35.1,173.7833,58.33,70,75,6.8,NZ,2022-07-22 02:33:40
337,Salalah,17.0151,54.0924,75.29,94,100,5.75,OM,2022-07-22 02:31:23
338,Ucluelet,48.9329,-125.5528,61.09,85,95,4.68,CA,2022-07-22 02:33:08
339,Forst,51.7333,14.6333,64.94,95,4,6.4,DE,2022-07-22 02:33:41
340,Zhuhai,22.2769,113.5678,94.86,74,20,6.91,CN,2022-07-22 02:33:41
341,Aksay,47.26,39.87,70.25,44,58,8.99,RU,2022-07-22 02:33:42
342,Tocantins,-10.5,-48.0,75.49,40,19,1.5,BR,2022-07-22 02:33:42
343,Sarangani,5.4033,125.4636,82.2,76,55,8.16,PH,2022-07-22 02:33:42
344,Te Anau,-45.4167,167.7167,44.6,84,63,1.68,NZ,2022-07-22 02:33:43
345,Ekibastuz,51.6667,75.3667,71.28,44,2,16.53,KZ,2022-07-22 02:33:43
346,Mehran,33.1222,46.1646,96.13,14,0,6.4,IR,2022-07-22 02:33:44
347,Carbonia,39.1672,8.5222,75.85,49,0,3.24,IT,2022-07-22 02:33:44
348,Jinchang,38.4953,102.1739,73.38,25,0,4.05,CN,2022-07-22 02:33:44
349,Narsaq,60.9167,-46.05,50.22,78,6,4.14,GL,2022-07-22 02:33:45
350,Tiksi,71.6872,128.8694,46.18,75,60,7.25,RU,2022-07-22 02:33:45
351,Marale,14.8833,-87.15,68.23,92,63,2.8,HN,2022-07-22 02:33:46
352,Dajal,29.5577,70.3762,85.14,70,100,4.45,PK,2022-07-22 02:33:46
353,Yurga,55.7231,84.8861,61.7,90,79,13.96,RU,2022-07-22 02:33:09
354,Tocopilla,-22.092,-70.1979,60.73,79,69,6.51,CL,2022-07-22 02:31:53
355,Hami,42.8,93.45,84.51,18,0,3.11,CN,2022-07-22 02:33:47
356,Esik,43.3552,77.4525,78.22,20,0,5.19,KZ,2022-07-22 02:33:47
357,Meulaboh,4.1363,96.1285,84.88,64,61,3.13,ID,2022-07-22 02:33:48
358,Kasongo-Lunda,-6.4667,16.8167,69.3,66,32,1.79,CD,2022-07-22 02:33:48
359,Miandrivazo,-19.5167,45.4667,63.66,58,0,3.94,MG,2022-07-22 02:33:48
360,Igarka,67.4667,86.5833,63.79,63,53,12.57,RU,2022-07-22 02:33:49
361,Clyde River,70.4692,-68.5914,37.63,100,100,5.75,CA,2022-07-22 02:33:49
362,Puerto Narino,-3.7703,-70.3831,70.83,98,42,2.04,CO,2022-07-22 02:33:50
363,Huilong,31.8111,121.655,85.69,69,1,4.0,CN,2022-07-22 02:34:50
364,Palana,59.1167,159.9667,58.08,62,6,16.22,RU,2022-07-22 02:34:50
365,Balabac,7.9868,117.0645,86.07,66,60,3.83,PH,2022-07-22 02:34:51
366,Tahta,26.7693,31.5021,79.05,38,2,8.75,EG,2022-07-22 02:34:51
367,Hasaki,35.7333,140.8333,86.29,83,14,19.73,JP,2022-07-22 02:34:52
368,Thunder Bay,48.4001,-89.3168,66.18,72,20,4.61,CA,2022-07-22 02:33:39
369,Portobelo,9.55,-79.65,77.95,87,100,4.9,PA,2022-07-22 02:34:52
370,Honiara,-9.4333,159.95,86.99,61,73,5.7,SB,2022-07-22 02:34:53
371,Canyon,34.9803,-101.9188,86.85,59,58,15.01,US,2022-07-22 02:34:53
372,Belinskiy,52.9647,43.4165,55.24,91,100,7.58,RU,2022-07-22 02:34:53
373,Progreso,21.2833,-89.6667,82.51,80,95,14.32,MX,2022-07-22 02:34:54
374,Ayna,-12.65,-73.9167,59.14,72,9,3.4,PE,2022-07-22 02:34:54
375,Mareeba,-17.0,145.4333,76.48,64,6,3.24,AU,2022-07-22 02:34:54
376,Kruisfontein,-34.0033,24.7314,49.05,73,72,6.98,ZA,2022-07-22 02:34:55
377,Esna,25.2934,32.554,80.62,28,4,14.34,EG,2022-07-22 02:34:55
378,Beyla,8.6833,-8.6333,66.22,99,94,2.62,GN,2022-07-22 02:34:56
379,Ballinrobe,53.6333,-9.2333,56.75,86,98,2.59,IE,2022-07-22 02:34:56
380,Castanos,26.7833,-101.4167,82.63,54,99,4.79,MX,2022-07-22 02:34:56
381,Shimoda,34.6667,138.95,91.11,77,5,12.46,JP,2022-07-22 02:34:57
382,Ca Mau,9.1769,105.15,87.24,63,29,2.86,VN,2022-07-22 02:33:47
383,Soria,41.6667,-2.6667,65.1,60,52,2.28,ES,2022-07-22 02:34:57
384,Batemans Bay,-35.7167,150.1833,58.1,64,40,7.63,AU,2022-07-22 02:34:58
385,Hemsedal,60.8629,8.5534,51.15,83,45,6.6,NO,2022-07-22 02:34:58
386,Ayan,56.45,138.1667,58.75,86,99,5.55,RU,2022-07-22 02:32:12
387,Nongan,44.382,125.1685,81.55,58,5,11.48,CN,2022-07-22 02:34:59
388,Impfondo,1.6381,18.0667,71.53,97,100,1.77,CG,2022-07-22 02:34:59
389,Arlit,18.7369,7.3853,91.8,17,49,9.62,NE,2022-07-22 02:34:59
390,Zalegoshch,52.9008,36.8869,56.41,96,100,16.06,RU,2022-07-22 02:35:00
391,Rustenburg,-25.6676,27.2421,54.97,58,21,3.53,ZA,2022-07-22 02:35:00
392,Biak,-0.9131,122.8766,81.18,75,37,8.5,ID,2022-07-22 02:35:01
393,Port Lincoln,-34.7333,135.8667,59.54,58,100,18.05,AU,2022-07-22 02:35:01
394,Graaff-Reinet,-32.2522,24.5308,51.19,42,65,7.63,ZA,2022-07-22 02:34:13
395,Faanui,-16.4833,-151.75,77.34,73,16,10.63,PF,2022-07-22 02:35:02
396,Katherine,-14.4667,132.2667,79.12,22,5,14.97,AU,2022-07-22 02:35:02
397,Staritsa,56.5075,34.9354,54.18,93,5,5.84,RU,2022-07-22 02:35:02
398,Northam,51.0333,-4.2167,60.39,90,100,6.46,GB,2022-07-22 02:35:03
399,Baykit,61.67,96.37,69.33,60,9,9.01,RU,2022-07-22 02:35:03
400,Imeni Poliny Osipenko,52.4201,136.4853,56.86,94,100,7.02,RU,2022-07-22 02:35:04
401,Nantucket,41.2835,-70.0995,78.91,94,100,6.91,US,2022-07-22 02:35:04
402,Maniitsoq,65.4167,-52.9,45.14,89,100,7.27,GL,2022-07-22 02:35:04
403,Hvolsvollur,63.7533,-20.2243,51.03,98,100,3.27,IS,2022-07-22 02:35:05
404,Kirakira,-10.4544,161.9205,84.31,70,100,5.46,SB,2022-07-22 02:35:05
405,Bathsheba,13.2167,-59.5167,83.01,89,40,18.41,BB,2022-07-22 02:35:06
406,Guerrero Negro,27.9769,-114.0611,68.72,81,0,18.03,MX,2022-07-22 02:34:23
407,Nago,26.5881,127.9761,90.03,75,11,12.48,JP,2022-07-22 02:35:06
408,Guia Lopes Da Laguna,-21.4578,-56.1142,70.68,47,69,3.53,BR,2022-07-22 02:35:06
409,Myre,69.1036,15.9492,53.55,85,100,12.59,NO,2022-07-22 02:35:07
410,Oyek,52.5861,104.4556,59.38,91,100,3.51,RU,2022-07-22 02:35:07
411,Ivdel,60.6911,60.4206,66.76,61,69,8.57,RU,2022-07-22 02:36:08
412,Vestmannaeyjar,63.4427,-20.2734,52.11,97,100,7.31,IS,2022-07-22 02:34:08
413,Grand Gaube,-20.0064,57.6608,70.38,71,32,8.01,MU,2022-07-22 02:36:08
414,Lompoc,34.6391,-120.4579,72.79,85,100,20.0,US,2022-07-22 02:35:42
415,Manyana,-23.4,21.7167,49.66,63,0,7.36,BW,2022-07-22 02:36:09
416,Nowa Deba,50.4297,21.7508,63.95,67,4,4.56,PL,2022-07-22 02:36:09
417,Guarapari,-20.6667,-40.4975,68.9,91,0,3.27,BR,2022-07-22 02:33:13
418,Bahia De Caraquez,-0.6,-80.4167,71.78,86,100,6.6,EC,2022-07-22 02:36:10
419,Altay,47.8667,88.1167,71.29,45,99,4.34,CN,2022-07-22 02:36:10
420,Edd,13.9297,41.6925,91.44,51,61,2.55,ER,2022-07-22 02:36:11
421,Salinas,36.6777,-121.6555,68.95,73,0,16.11,US,2022-07-22 02:36:11
422,Campbell River,50.0163,-125.2446,79.18,47,75,4.61,CA,2022-07-22 02:36:11
423,Abatskoye,56.2875,70.4555,59.04,87,86,8.84,RU,2022-07-22 02:36:12
424,Avera,33.194,-82.5271,78.31,86,87,6.98,US,2022-07-22 02:36:12
425,Sibolga,1.7427,98.7792,86.02,62,95,2.86,ID,2022-07-22 02:36:12
426,Owando,-0.4819,15.8999,71.87,91,99,3.02,CG,2022-07-22 02:36:13
427,Umm Lajj,25.0213,37.2685,83.84,71,34,9.62,SA,2022-07-22 02:31:43
428,Brufut,13.3814,-16.7518,77.09,94,75,3.44,GM,2022-07-22 02:36:14
429,Palu,-0.8917,119.8707,87.6,68,47,1.74,ID,2022-07-22 02:36:14
430,Shablykino,52.8566,35.1964,54.34,95,66,12.44,RU,2022-07-22 02:36:14
431,Waterloo,43.4668,-80.5164,75.07,60,20,6.91,CA,2022-07-22 02:35:12
432,Havelock,34.8791,-76.9013,84.18,92,0,12.66,US,2022-07-22 02:36:15
433,Sovetskiy,61.3614,63.5842,59.32,68,90,2.26,RU,2022-07-22 02:36:15
434,Tuatapere,-46.1333,167.6833,44.37,91,100,2.84,NZ,2022-07-22 02:36:16
435,Pangody,65.85,74.4859,45.41,83,100,8.12,RU,2022-07-22 02:32:18
436,Dinard,48.6314,-2.0614,61.18,96,75,9.22,FR,2022-07-22 02:36:16
437,Pimenteiras,-6.2453,-41.4192,74.17,58,95,6.15,BR,2022-07-22 02:36:17
438,Bontang,0.1333,117.5,84.54,67,90,1.3,ID,2022-07-22 02:36:17
439,Ornskoldsvik,63.2909,18.7153,58.15,72,75,16.11,SE,2022-07-22 02:36:18
440,Itupiranga,-5.1347,-49.3267,71.92,57,10,0.6,BR,2022-07-22 02:36:18
441,Talaya,61.3833,152.75,58.06,54,100,5.53,RU,2022-07-22 02:36:18
442,Vardo,70.3705,31.1107,60.78,94,100,10.36,NO,2022-07-22 02:36:19
443,Hornepayne,49.2138,-84.7705,58.06,81,66,6.55,CA,2022-07-22 02:36:19
444,Port Blair,11.6667,92.75,80.64,89,75,4.61,IN,2022-07-22 02:36:20
445,Topeka,39.0483,-95.678,86.38,61,0,0.0,US,2022-07-22 02:34:05
446,Tupaciguara,-18.5922,-48.705,63.48,52,46,5.08,BR,2022-07-22 02:36:20
447,Mercedes,-34.6515,-59.4307,46.78,87,0,6.62,AR,2022-07-22 02:36:21
448,Isabela,6.7085,121.9711,87.85,77,74,3.22,PH,2022-07-22 02:33:26
449,Kalawit,8.0667,122.5167,85.53,71,53,4.5,PH,2022-07-22 02:36:21
450,Voyvozh,62.892,54.9635,61.25,58,100,5.7,RU,2022-07-22 02:36:21
451,Plainview,40.7765,-73.4673,90.88,61,0,4.61,US,2022-07-22 02:32:29
452,Bilkha,21.4333,70.6,79.86,83,100,7.58,IN,2022-07-22 02:36:22
453,Baijiantan,45.6333,85.1833,87.8,18,2,2.01,CN,2022-07-22 02:36:22
454,Ruidoso,33.3317,-105.673,71.74,53,0,8.05,US,2022-07-22 02:36:23
455,Palmares Do Sul,-30.2578,-50.5097,63.25,92,88,3.29,BR,2022-07-22 02:36:23
456,Hasanabad,36.5465,61.0543,84.42,30,0,18.41,IR,2022-07-22 02:36:24
457,Leningradskiy,69.3833,178.4167,35.44,99,100,6.31,RU,2022-07-22 02:36:24
458,Sharjah,25.3573,55.4033,94.98,59,0,12.66,AE,2022-07-22 02:36:25
459,Along,28.1667,94.7667,75.43,99,100,1.32,IN,2022-07-22 02:37:25
460,Melilla,35.2937,-2.9383,77.38,88,40,4.61,ES,2022-07-22 02:37:25
461,Kampong Thum,12.7111,104.8887,82.72,73,68,4.41,KH,2022-07-22 02:37:26
462,Viedma,-40.8135,-62.9967,47.35,53,100,14.76,AR,2022-07-22 02:37:26
463,Saint-Augustin,51.226,-58.6502,61.45,68,97,5.75,CA,2022-07-22 02:33:41
464,Powell,40.1578,-83.0752,77.81,78,0,3.44,US,2022-07-22 02:35:00
465,Nanortalik,60.1432,-45.2371,48.31,81,4,3.78,GL,2022-07-22 02:37:27
466,Dicabisagan,17.0818,122.4157,88.41,66,7,5.46,PH,2022-07-22 02:37:27
467,High Rock,26.6208,-78.2833,82.42,74,80,16.06,BS,2022-07-22 02:37:28
468,Huarmey,-10.0681,-78.1522,62.26,86,39,11.54,PE,2022-07-22 02:37:28
469,Zhanakorgan,43.9098,67.2495,101.08,14,0,15.14,KZ,2022-07-22 02:37:28
470,Shanghai,31.2222,121.4581,91.26,67,20,8.95,CN,2022-07-22 02:33:34
471,Talcahuano,-36.7167,-73.1167,49.68,100,100,5.75,CL,2022-07-22 02:37:29
472,Padre Paraiso,-17.0742,-41.4844,55.96,96,0,2.86,BR,2022-07-22 02:37:29
473,Guerrero,17.6667,-100.0,68.4,95,39,6.15,MX,2022-07-22 02:32:46
474,Stokmarknes,68.5646,14.9108,53.58,87,100,11.5,NO,2022-07-22 02:37:30
475,Massape,-3.5228,-40.3428,74.03,74,18,2.98,BR,2022-07-22 02:37:30
476,Vao,-22.6667,167.4833,74.07,88,100,18.23,NC,2022-07-22 02:37:31
477,Ortakoy,38.7373,34.0387,48.45,66,0,3.89,TR,2022-07-22 02:37:31
478,Madang,-5.2246,145.7966,84.79,65,9,5.39,PG,2022-07-22 02:37:32
479,Ballina,-28.8667,153.5667,60.78,99,100,20.83,AU,2022-07-22 02:37:32
480,Joshimath,30.5667,79.5667,77.13,74,100,5.01,IN,2022-07-22 02:37:32
481,Youghal,51.95,-7.8506,56.41,100,100,3.87,IE,2022-07-22 02:37:33
482,Karatau,43.1667,70.4667,89.51,12,0,5.19,KZ,2022-07-22 02:37:33
483,Port Moresby,-9.4431,147.1797,87.22,62,75,5.75,PG,2022-07-22 02:37:33
484,Yaan,7.3833,8.5667,70.12,97,78,5.95,NG,2022-07-22 02:37:34
485,Sungaipenuh,-2.0833,101.3833,77.04,65,77,1.57,ID,2022-07-22 02:37:34
486,Orumiyeh,37.5527,45.0761,60.35,48,0,4.61,IR,2022-07-22 02:37:35
487,Salto,-31.3833,-57.9667,62.87,92,100,7.0,UY,2022-07-22 02:34:34
488,Xuddur,4.1213,43.8894,70.03,78,66,21.77,SO,2022-07-22 02:37:35
489,San Patricio,28.017,-97.5169,85.89,73,3,13.22,US,2022-07-22 02:37:36
490,Waitati,-45.75,170.5667,46.8,73,100,2.44,NZ,2022-07-22 02:37:36
491,La Ronge,55.1001,-105.2842,64.65,55,75,9.22,CA,2022-07-22 02:37:36
492,Pemangkat,1.1667,108.9667,80.38,82,100,11.68,ID,2022-07-22 02:37:37
493,San Luis,-33.295,-66.3356,52.66,40,0,10.76,AR,2022-07-22 02:37:37
494,Husavik,66.0449,-17.3389,47.5,90,58,3.31,IS,2022-07-22 02:37:38
495,Gilbues,-9.8317,-45.3439,69.01,43,21,5.23,BR,2022-07-22 02:37:38
496,Okahandja,-21.9833,16.9167,49.95,42,0,6.8,NA,2022-07-22 02:37:38
497,Muana,-1.5283,-49.2167,75.63,85,64,3.6,BR,2022-07-22 02:37:39
498,Takoradi,4.8845,-1.7554,73.0,78,29,6.89,GH,2022-07-22 02:33:20
499,Pirapozinho,-22.2753,-51.5,71.08,49,0,8.05,BR,2022-07-22 02:37:39
500,Plouzane,48.3833,-4.6167,57.25,91,0,10.36,FR,2022-07-22 02:36:27
501,Pisco,-13.7,-76.2167,62.65,77,100,2.3,PE,2022-07-22 02:37:40
502,Malanje,-9.5402,16.341,62.85,62,26,2.28,AO,2022-07-22 02:37:40
503,Lahaina,20.8783,-156.6825,87.8,82,9,10.56,US,2022-07-22 02:37:41
504,Chicama,-7.8447,-79.1469,57.74,84,45,6.04,PE,2022-07-22 02:37:41
505,Samarai,-10.6167,150.6667,83.57,70,4,5.57,PG,2022-07-22 02:37:41
506,Nhulunbuy,-12.2333,136.7667,81.21,41,98,19.57,AU,2022-07-22 02:37:42
507,Alice,27.7523,-98.0697,84.36,75,0,20.71,US,2022-07-22 02:38:42
508,Preston,53.7667,-2.7167,62.33,88,100,6.89,GB,2022-07-22 02:38:43
509,Wasilla,61.5814,-149.4394,59.18,69,100,12.66,US,2022-07-22 02:38:43
510,Banyo,6.75,11.8167,64.9,99,100,1.79,CM,2022-07-22 02:38:43
511,Nouadhibou,20.931,-17.0347,75.18,88,5,6.91,MR,2022-07-22 02:33:48
512,Kurchum,48.5722,83.6542,72.46,55,94,2.77,KZ,2022-07-22 02:38:44
513,Nome,64.5011,-165.4064,50.07,81,100,13.8,US,2022-07-22 02:38:03
514,Lanzhou,36.0564,103.7922,69.06,50,0,1.07,CN,2022-07-22 02:38:15
515,Tagusao,9.1924,117.8141,84.15,74,97,2.51,PH,2022-07-22 02:38:45
516,Jardim,-21.4803,-56.1381,70.45,47,70,3.4,BR,2022-07-22 02:38:46
517,Kandrian,-6.2167,149.55,84.04,73,97,5.79,PG,2022-07-22 02:38:46
518,Maceio,-9.6658,-35.7353,76.44,88,75,3.44,BR,2022-07-22 02:35:11
519,Dargaville,-35.9333,173.8833,57.27,62,42,7.36,NZ,2022-07-22 02:38:47
520,Brigantine,39.4101,-74.3646,80.01,87,67,12.93,US,2022-07-22 02:38:47
521,Vikhorevka,56.1201,101.1636,72.25,45,100,8.21,RU,2022-07-22 02:38:47
522,Trairi,-3.2778,-39.2689,75.72,82,30,9.71,BR,2022-07-22 02:34:58
523,Payo,-3.7508,103.6372,86.13,57,73,3.65,ID,2022-07-22 02:38:48
524,Melville,40.7934,-73.4151,89.76,65,0,4.61,US,2022-07-22 02:38:48
525,Pout,14.7739,-17.0603,79.56,94,20,3.44,SN,2022-07-22 02:38:49
526,Gravdal,68.1214,13.5031,53.74,90,100,17.36,NO,2022-07-22 02:38:49
527,Simi,9.5667,-12.35,72.14,98,100,3.13,SL,2022-07-22 02:38:50
528,Ormara,25.2088,64.6357,83.57,83,100,8.37,PK,2022-07-22 02:38:50
529,Amapa,1.0,-52.0,72.46,94,98,2.15,BR,2022-07-22 02:38:50
530,Izmit,40.7669,29.9169,60.78,94,75,0.0,TR,2022-07-22 02:38:51
531,Falkenberg,56.9055,12.4912,65.25,86,35,8.88,SE,2022-07-22 02:38:51
532,Saint-Francois,46.4154,3.9054,56.68,94,0,3.44,FR,2022-07-22 02:36:21
533,Labuhan,-6.8844,112.2051,83.79,64,100,6.35,ID,2022-07-22 02:38:52
534,Camacha,33.0833,-16.3333,65.62,73,75,14.97,PT,2022-07-22 02:38:52
535,Ugoofaaru,5.6667,73.0,82.13,77,100,18.66,MV,2022-07-22 02:38:52
536,Roma,43.2128,-75.4557,75.87,92,0,3.44,US,2022-07-22 02:34:59
537,Road Town,18.4167,-64.6167,80.69,77,21,18.07,VG,2022-07-22 02:38:53
538,Vilyuysk,63.7553,121.6247,63.57,72,100,7.11,RU,2022-07-22 02:38:53
539,Moyale,3.5167,39.0584,61.84,80,92,15.46,KE,2022-07-22 02:38:54
540,Cururupu,-1.8283,-44.8683,73.04,90,8,2.21,BR,2022-07-22 02:38:54
541,Lebedinyy,58.5167,125.5167,74.57,55,93,2.68,RU,2022-07-22 02:38:55
542,Diamantino,-14.4086,-56.4461,71.53,45,39,4.21,BR,2022-07-22 02:38:55
543,Korla,41.7597,86.1469,85.03,23,0,9.01,CN,2022-07-22 02:38:55
544,Belmonte,-15.8631,-38.8828,70.47,87,10,3.13,BR,2022-07-22 02:38:56
545,Kampene,-3.6,26.6667,67.89,72,55,1.19,CD,2022-07-22 02:38:56
546,Kayerkan,69.3497,87.7602,62.53,59,31,14.81,RU,2022-07-22 02:38:57
547,Salinopolis,-0.6136,-47.3561,77.61,84,91,8.5,BR,2022-07-22 02:38:45
548,Martapura,-3.4167,114.85,78.89,83,40,8.05,ID,2022-07-22 02:38:57
549,Makinsk,52.6292,70.4169,64.11,62,0,14.38,KZ,2022-07-22 02:38:58
550,Hauterive,46.0901,3.4459,63.36,76,0,2.53,FR,2022-07-22 02:38:58
551,Aleksandrov Gay,50.147,48.5704,68.67,65,0,4.07,RU,2022-07-22 02:39:58
552,Rincon,32.296,-81.2354,81.86,89,20,3.44,US,2022-07-22 02:39:59
553,Dingle,10.9995,122.6711,87.04,72,39,8.66,PH,2022-07-22 02:39:59
554,Poronaysk,49.2167,143.1167,57.45,98,100,4.47,RU,2022-07-22 02:40:00
555,Acajutla,13.5928,-89.8275,78.73,86,100,6.76,SV,2022-07-22 02:40:00
556,Katima Mulilo,-17.5,24.2667,53.53,77,34,4.97,NA,2022-07-22 02:40:00
557,Qaqortoq,60.7167,-46.0333,47.35,83,8,5.95,GL,2022-07-22 02:40:01
558,Nacozari,25.3366,-108.2574,95.11,64,100,7.78,MX,2022-07-22 02:40:01
559,Tashtyp,52.7939,89.8983,63.0,88,100,10.33,RU,2022-07-22 02:40:02
560,Odweyne,9.4092,45.064,69.91,53,48,19.15,SO,2022-07-22 02:40:02
561,Jacqueville,5.2052,-4.4146,75.27,73,69,8.1,CI,2022-07-22 02:40:03
562,Saint-Pierre,-21.3393,55.4781,65.28,64,0,6.91,RE,2022-07-22 02:40:03
563,Bacolod,10.6667,122.95,86.2,73,58,2.95,PH,2022-07-22 02:39:29
564,Evensk,61.95,159.2333,66.92,43,7,2.71,RU,2022-07-22 02:40:04
565,Jenjarom,2.8766,101.4988,87.91,66,70,1.48,MY,2022-07-22 02:40:04
566,Bykovo,55.6361,38.0803,63.01,82,0,11.18,RU,2022-07-22 02:40:05
567,Sao Felix Do Xingu,-6.6447,-51.995,71.46,54,3,1.59,BR,2022-07-22 02:40:05
568,Puerto Escondido,15.85,-97.0667,81.23,83,91,2.48,MX,2022-07-22 02:40:05
569,Camaguey,21.3808,-77.9169,80.94,89,75,6.91,CU,2022-07-22 02:40:06
570,Marzuq,14.4,46.4667,73.17,68,19,7.85,YE,2022-07-22 02:40:06
571,Maketu,-37.7667,176.45,58.23,52,31,8.75,NZ,2022-07-22 02:40:07
572,Marawi,7.9986,124.2928,84.29,55,70,1.81,PH,2022-07-22 02:40:07
573,Atherton,53.5237,-2.4935,62.29,84,100,3.0,GB,2022-07-22 02:40:07
574,Nuuk,64.1835,-51.7216,54.21,71,75,4.61,GL,2022-07-22 02:35:34
575,Luwuk,-0.9516,122.7875,83.79,74,43,7.92,ID,2022-07-22 02:40:08
576,Shangrao,28.4532,117.9686,96.19,50,29,4.29,CN,2022-07-22 02:40:08
577,Flinders,-34.5833,150.8552,62.38,79,66,4.0,AU,2022-07-22 02:40:09
578,Genhe,50.7833,121.5167,86.52,37,16,2.59,CN,2022-07-22 02:40:09
579,Normandin,48.8333,-72.5321,71.91,78,43,8.05,CA,2022-07-22 02:40:10
580,Hoi An,15.8794,108.335,87.76,65,17,3.65,VN,2022-07-22 02:40:10
581,Atar,20.5169,-13.0499,89.15,39,5,5.75,MR,2022-07-22 02:40:10
582,Peniche,39.3558,-9.3811,67.28,84,83,13.24,PT,2022-07-22 02:40:11
583,Alcaniz,41.05,-0.1333,76.3,57,0,3.15,ES,2022-07-22 02:40:12
584,Kaoma,-14.7833,24.8,57.88,63,89,6.53,ZM,2022-07-22 02:40:12
585,Sheremetyevskiy,55.98,37.4911,60.22,85,0,11.18,RU,2022-07-22 02:40:12
586,Weiz,47.2167,15.6167,69.31,86,57,5.19,AT,2022-07-22 02:40:13
587,Lynn Haven,30.2455,-85.6483,84.18,84,10,3.0,US,2022-07-22 02:35:38
588,Tessalit,20.1986,1.0114,86.58,37,0,5.84,ML,2022-07-22 02:40:13
589,Sandnessjoen,66.0217,12.6316,54.12,94,100,5.01,NO,2022-07-22 02:40:14
590,Pak Phanang,8.3511,100.202,89.04,73,59,7.07,TH,2022-07-22 02:40:14
591,Barcs,45.96,17.4586,67.46,43,0,3.94,HU,2022-07-22 02:40:15
592,Winnemucca,40.973,-117.7357,96.85,5,0,13.8,US,2022-07-22 02:40:15
